Episode,Reward,Avg10,Epsilon,UniqueStates
1,-66.38655462184937,-66.38655462184937,0.999,657
2,-50.310559006211996,-50.310559006211996,0.998001,1247
3,-73.29376854599423,-73.29376854599423,0.997002999,1870
4,-63.36996336996419,-63.36996336996419,0.996005996001,2411
5,-38.144329896908026,-38.144329896908026,0.995009990004999,2965
6,-21.487603305785836,-21.487603305785836,0.994014980014994,3808
7,-54.06360424028351,-54.06360424028351,0.993020965034979,4361
8,-72.02797202797227,-72.02797202797227,0.9920279440699441,4973
9,-72.6962457337886,-72.6962457337886,0.9910359161258742,5616
10,-68.15286624203873,-68.15286624203873,0.9900448802097482,6105
11,-50.00000000000082,-56.354691236894816,0.9890548353295385,6620
12,-59.558823529412585,-57.27951768921488,0.988065780494209,7212
13,-74.91039426523302,-57.441180261138754,0.9870777147137147,7930
14,-75.07788161993773,-58.611972086136106,0.986090636999001,8673
15,-51.7241379310353,-59.969952889548836,0.9851045463620021,9169
16,-41.90871369294689,-62.01206392826494,0.98411944181564,9877
17,-58.19935691318408,-62.42563919555501,0.9831353223738244,10404
18,-83.19327731092388,-63.542169723850165,0.9821521870514506,11009
19,-59.73154362416189,-62.2456995128875,0.9811700348643991,11483
20,-75.77854671280275,-63.0082675599639,0.9801888648295347,12225
21,-79.10447761194003,-65.9187153211578,0.9792086759647052,12803
22,-54.248366013072705,-65.38766956952382,0.9782294672887405,13527
23,-75.60975609756098,-65.45760575275662,0.9772512378214517,14030
24,-32.88590604026929,-61.238408194789784,0.9762739865836303,14699
25,-41.3793103448284,-60.20392543616909,0.9752977125970467,15379
26,-81.59509202453947,-64.17256326932835,0.9743224148844496,15982
27,-77.91798107255502,-66.14442568526543,0.9733480924695651,16520
28,-76.43097643097637,-65.4681955972707,0.9723747443770956,17102
29,-70.26022304832752,-66.52106353968725,0.9714023696327185,17722
30,-32.69230769230851,-62.21243963763783,0.9704309672630859,18450
31,-64.40129449838265,-60.74212132628209,0.9694605362958227,19118
32,-43.85964912280784,-59.7032496372556,0.9684910757595269,19666
33,-54.86111111111193,-57.6283851386107,0.9675225846837673,20146
34,-54.703832752614076,-59.81017780984517,0.9665550620990835,20628
35,-54.06360424028351,-61.078607199390696,0.9655885070369844,21091
36,-68.75000000000048,-59.7940979969368,0.9646229185299474,21600
37,-70.80291970802953,-59.08259186048424,0.9636582956114175,22208
38,-76.19047619047615,-59.05854183643422,0.9626946373158061,22789
39,-65.51724137931106,-58.584243669532576,0.9617319426784903,23466
40,-76.02739726027394,-62.91775262632912,0.9607702107358118,24143
41,-68.85813148788975,-63.36343632527983,0.959809440525076,24720
42,-57.70392749244794,-64.74786416224383,0.9588496310845509,25385
43,-64.70588235294193,-65.73234128642683,0.9578907814534664,25861
44,-62.121212121212935,-66.47407922328672,0.9569328906720129,26445
45,-72.72727272727292,-68.34044607198567,0.9559759577813409,26940
46,-71.92982456140376,-68.658428528126,0.9550199818235596,27572
47,-70.87378640776731,-68.66551519809977,0.9540649618417361,28054
48,-19.014084507042995,-62.94787602975646,0.9531108968798944,29039
49,-64.40129449838265,-62.83628134166362,0.9521577859830145,29513
50,-44.8529411764714,-59.718835733283356,0.9512056281970315,30038
51,-45.848375451264346,-57.41786012962082,0.9502544225688344,30726
52,-67.10526315789532,-58.35799369616556,0.9493041681462656,31258
53,-68.65203761755534,-58.752609222626894,0.9483548639781193,31870
54,-71.92982456140376,-59.73347046664598,0.9474065091141411,32351
55,-50.75757575757657,-57.536500769676344,0.946459102605027,33054
56,-55.390334572491525,-55.88255177078512,0.9455126435024219,33698
57,-60.00000000000083,-54.79517313000847,0.9445671308589195,34119
58,6.16438356164508,-52.27732632313966,0.9436225637280606,34895
59,-8.805031446540522,-46.71770001795545,0.9426789411643326,35547
60,-49.275362318841395,-47.159942132192455,0.9417362622231683,36054
61,-51.048951048951864,-47.67999969196121,0.9407945259609451,36700
62,-67.39130434782666,-47.70860381095434,0.9398537314349842,37311
63,-59.85401459854097,-46.8288015090529,0.9389138777035492,37868
64,-51.41700404858382,-44.77751945777091,0.9379749638258457,38432
65,-48.80546075085405,-44.58230795709866,0.9370369888620198,38917
66,-42.85714285714365,-43.32898878556387,0.9360999518731578,39707
67,-70.14925373134366,-44.343914158698155,0.9351638519212846,40230
68,-62.26415094339704,-51.18676760920236,0.9342286880693633,40726
69,-20.0000000000008,-52.30626446454839,0.933294459381294,41479
70,3.846153846154908,-46.994112848048765,0.9323611649219127,41902
71,-64.66431095406438,-48.355648838560015,0.9314288037569908,42456
72,-60.714285714286525,-47.687946975206,0.9304973749532338,42971
73,-67.61133603238923,-48.463679118590825,0.9295668775782806,43535
74,-58.59872611465049,-49.18185132519749,0.9286373107007023,44248
75,-60.28880866426074,-50.330186116538165,0.9277086733900016,44652
76,-70.87378640776731,-53.13185047160052,0.9267809647166116,45194
77,-70.23809523809561,-53.14073462227573,0.925854183751895,45613
78,-48.27586206896635,-51.741905734832656,0.9249283295681431,45956
79,-75.69444444444444,-57.31135017927702,0.9240034012385749,46374
80,-73.2441471571908,-65.02038027961159,0.9230793978373364,46830
81,-45.454545454546285,-63.09940372965978,0.9221563184394991,47312
82,-60.62992125984335,-63.09096728421546,0.9212341621210596,47863
83,-67.32026143790908,-63.06185982476744,0.9203129279589385,48252
84,-57.05521472392718,-62.90750868569512,0.9193926150309796,48836
85,-29.577464788733185,-59.83637429814236,0.9184732224159486,49609
86,-71.92982456140376,-59.941978113506,0.9175547491935327,50260
87,-67.42671009772043,-59.66083959946849,0.9166371944443392,50864
88,-72.78911564625871,-62.11216495719772,0.9157205572498949,51424
89,-70.19867549668912,-61.562588062422186,0.914804836692645,51999
90,-50.177935943061314,-59.25596694100924,0.9138900318559524,52687
91,-74.11003236245963,-62.12151563180057,0.9129761418240965,53295
92,-62.54681647940157,-62.31320515375639,0.9120631656822724,53728
93,-75.00000000000003,-63.08117900996549,0.9111511025165902,54264
94,-76.8786127167629,-65.06351880924908,0.9102399514140735,54811
95,-67.84565916398768,-68.89033824677452,0.9093297114626595,55389
96,-48.453608247423496,-66.54271661537649,0.9084203817511969,55754
97,-63.33333333333416,-66.13337893893785,0.9075119613694457,56312
98,-65.75342465753495,-65.42980984006549,0.9066044494080763,56711
99,-49.41634241245219,-63.3515765316418,0.9056978449586682,57428
100,-75.26501766784455,-65.86028470412012,0.9047921471137096,57927
101,-64.28571428571509,-64.87785289644566,0.9038873549665959,58531
102,-54.39739413680863,-64.06291066218637,0.9029834676116293,59196
103,-43.26241134751856,-60.88915179693822,0.9020804841440176,59566
104,-25.49019607843203,-55.75031013310513,0.9011784036598737,60092
105,-35.01805054151705,-52.46754927085807,0.9002772252562138,60521
106,-67.8571428571434,-54.40790273183006,0.8993769480309576,61013
107,-58.62068965517324,-53.93663836401397,0.8984775710829266,61514
108,-52.3809523809532,-52.59939113635579,0.8975790935118436,61889
109,-52.72727272727355,-52.930484167837925,0.8966815144183318,62561
110,-61.78343949044667,-51.58232635009814,0.8957848329039134,63222
111,-63.36996336996419,-51.49075125852305,0.8948890480710096,63705
112,-77.04918032786874,-53.75592987762906,0.8939941590229386,64221
113,-36.10223642172606,-53.03991238504981,0.8931001648639156,64825
114,-79.31034482758594,-58.42192725996521,0.8922070646990518,65434
115,-32.14285714285797,-58.13440792009929,0.8913148576343527,66323
116,-58.955223880597835,-57.244216022444746,0.8904235427767183,66989
117,-67.53246753246809,-58.13539381017422,0.8895331192339416,67546
118,-60.00000000000082,-58.89729857207899,0.8886435861147077,68110
119,-8.163265306123252,-54.44089782996396,0.887754942528593,69056
120,-46.84385382059883,-52.94693926297917,0.8868671875860644,69536
121,-57.37704918032867,-52.347647844015626,0.8859803203984784,70015
122,-56.98924731182878,-50.341654542411625,0.88509434007808,70594
123,-67.74193548387152,-53.505624448626165,0.8842092457380019,71152
124,-65.38461538461611,-52.11305150432919,0.8833250364922639,71582
125,-65.77946768060906,-55.476712558104296,0.8824417114557717,72001
126,-78.19314641744528,-57.40050481178904,0.8815592697443159,72527
127,8.09352517985694,-49.83790554055654,0.8806777104745716,72747
128,-71.11913357400753,-50.94981889795721,0.8797970327640969,73304
129,-56.04395604395686,-55.73788797174056,0.8789172357313328,73738
130,-41.55844155844239,-55.20934674552493,0.8780383184956015,74034
131,-59.558823529412585,-55.427524180433316,0.8771602801771059,74473
132,-64.53900709219937,-56.182500158470376,0.8762831198969288,75023
133,-65.40880503144724,-55.94918711322795,0.8754068367770318,75442
134,-69.43231441048079,-56.35395701581442,0.8745314299402548,76035
135,-36.666666666667474,-53.44267691442026,0.8736568985103146,76813
136,-50.3311258278154,-50.65647485545727,0.8727832416118043,77688
137,-23.95437262357473,-53.86126463580043,0.8719104583701925,78259
138,-64.53900709219937,-53.20325198761962,0.8710385479118223,78774
139,-56.83453237410154,-53.28230962063409,0.8701675093639105,79194
140,-61.41479099678537,-55.26794456446838,0.8692973418545467,79825
141,-67.97153024911086,-56.10921523643822,0.8684280445126921,80457
142,-59.73154362416189,-55.62846888963446,0.8675596164681794,80920
143,-69.49152542372926,-56.03674092886266,0.8666920568517111,81483
144,-59.45945945946028,-55.03945543376061,0.8658253647948594,81784
145,-46.23655913978577,-55.99644468107245,0.8649595394300645,82049
146,-59.752321981424956,-56.9385642964334,0.8640945798906344,82444
147,-75.00000000000003,-62.04312703407593,0.8632304853107438,82865
148,-67.83625730994206,-62.372852055850196,0.862367254825433,83506
149,-51.80722891566348,-61.87012171000639,0.8615048875706075,83985
150,-67.84565916398768,-62.51320852672662,0.8606433826830369,84461
151,-72.4137931034485,-62.957434812160386,0.8597827393003539,84818
152,-44.649446494465764,-61.44922509919078,0.8589229565610536,85678
153,-64.42687747035654,-60.942760303853504,0.8580640336044925,86077
154,-67.15328467153344,-61.71214282506082,0.857205969570888,86530
155,-66.03773584905727,-63.692260495987966,0.8563487636013172,87090
156,-57.59717314487715,-63.4767456123332,0.8554924148377159,87709
157,-71.78683385579963,-63.15542899791315,0.8546369224228781,88244
158,-68.75000000000047,-63.246803266918995,0.8537822855004553,88689
159,-60.43165467625982,-64.10924584297862,0.8529285032149548,89543
160,-66.88741721854366,-64.01342164843422,0.8520755747117399,89932
161,-49.458483754513445,-61.71789071354071,0.8512234991370281,90454
162,-52.00000000000083,-62.45294606409423,0.8503722756378911,90750
163,-63.23529411764788,-62.33378772882336,0.8495219033622532,91255
164,-62.068965517242205,-61.82535581339423,0.8486723814588909,91679
165,-71.0144927536235,-62.323031503850856,0.847823709077432,92007
166,-57.09570957095792,-62.27288514645894,0.8469758853683546,92665
167,-48.71794871794953,-59.965996632673935,0.8461289094829862,93139
168,-53.98773006135049,-58.48976963880894,0.8452827805735033,93725
169,-35.0649350649359,-55.95309767767653,0.8444374977929298,94138
170,-43.62017804154384,-53.62637375997656,0.8435930602951368,94497
171,-67.35905044510443,-55.41643042903566,0.8427494672348417,94908
172,-48.905109489051924,-55.10694137794076,0.8419067177676068,95618
173,-29.824561403509595,-51.76586810652693,0.8410648110498392,95990
174,-43.11377245509061,-49.870348800311774,0.8402237462387894,96314
175,-64.28571428571507,-49.197470953520934,0.8393835224925505,96729
176,-63.45514950166194,-49.83341494659133,0.838544138970058,97151
177,-60.28880866426074,-50.99050094122246,0.8377055948310879,97730
178,-11.032028469751724,-46.69493078206258,0.8368678892362568,98720
179,-56.8106312292367,-48.86950039849266,0.8360310213470206,99341
180,-52.38095238095321,-49.7455778324336,0.8351949903256736,99599
181,-63.69636963696452,-49.3793097516196,0.8343597953353479,99826
182,-53.57142857142939,-49.84594165985735,0.8335254355400126,100471
183,-46.3601532567058,-51.499500845176975,0.8326919101044725,101137
184,-41.35802469135884,-51.32392606880379,0.831859218194368,101649
185,-75.77854671280275,-52.47320931151256,0.8310273589761736,102054
186,-63.33333333333416,-52.461027694679785,0.8301963316171974,102545
187,-47.19471947194803,-51.15161877544851,0.8293661352855802,103004
188,-71.06109324758873,-57.154525253232215,0.8285367691502946,103406
189,-77.34627831715197,-59.208089962023735,0.8277082323811443,103937
190,-71.51898734177243,-61.12189345810566,0.8268805241487632,104425
191,-47.3684210526324,-59.489098599672445,0.8260536436246144,104789
192,-55.93220338983134,-59.72517608151264,0.8252275899809898,105475
193,-72.60273972602761,-62.34943472844483,0.8244023623910088,105848
194,-48.55305466238022,-63.06893772554696,0.8235779600286178,106285
195,-75.00000000000003,-62.99108305426669,0.8227543820685892,106749
196,-63.69636963696452,-63.02738668462973,0.8219316276865206,107221
197,-42.965779467681436,-62.604492684203066,0.8211096960588341,107730
198,-55.326460481100476,-61.03102940755424,0.8202885863627752,108003
199,-69.07216494845407,-60.203618070684456,0.8194682977764125,108462
200,-46.043165467626714,-57.65603588326989,0.818648829478636,109096
201,-53.84615384615465,-58.30380916262211,0.8178301806491574,109460
202,-44.61538461538541,-57.17212728517751,0.8170123504685082,109875
203,-68.96551724137979,-56.808405036712735,0.8161953381180397,110399
204,-57.59717314487715,-57.71281688496242,0.8153791427799216,111010
205,-64.53900709219937,-56.66671759418235,0.8145637636371417,111434
206,-7.849829351535675,-51.08206356563947,0.8137491998735046,112355
207,-58.990536277603326,-52.684539246631665,0.812935450673631,112756
208,-68.35443037974734,-53.98733623649635,0.8121225152229574,112962
209,-11.262798634812011,-48.20639960513215,0.8113103927077344,113520
210,-55.63139931740696,-49.165222990110166,0.8104990823150267,113789
211,-67.63754045307499,-50.5443616508022,0.8096885832327116,114131
212,10.481586402265371,-45.034664549037124,0.8088788946494789,115070
213,-65.07936507936581,-44.64604933283572,0.8080700157548294,115438
214,-68.85813148788975,-45.77214516713699,0.8072619457390746,115869
215,-49.52681388012698,-44.270925845929746,0.8064546837933355,116230
216,-42.08494208494291,-47.69443711927047,0.8056482291095421,116998
217,-45.454545454546285,-46.34083803696477,0.8048425808804326,117272
218,-65.1162790697682,-46.017022905966854,0.8040377382995522,117625
219,-1.0238907849820944,-44.99313212098386,0.8032337005612527,118309
220,-61.03896103896185,-45.533888293139356,0.8024304668606914,119043
221,-69.10112359550605,-45.68024660738246,0.8016280363938307,119587
222,-70.23809523809561,-53.75221477141855,0.8008264083574369,120178
223,-39.59731543624244,-51.20400980710622,0.8000255819490795,121058
224,-60.28880866426074,-50.34707752474331,0.7992255563671304,121370
225,-76.19047619047613,-53.01344375577823,0.7984263308107633,121863
226,-40.76655052264893,-52.88160459954884,0.7976279044799526,122207
227,-35.810810810811624,-51.91723113517537,0.7968302765754727,122660
228,-49.32432432432514,-50.338035660631064,0.7960334462988972,123025
229,-46.8085106382987,-54.91649764596273,0.7952374128525983,123725
230,-60.91205211726465,-54.903806753793006,0.7944421754397457,124380
231,-78.1021897810217,-55.803913372344574,0.7936477332643059,124906
232,-58.064516129033066,-54.58655546143831,0.7928540855310416,125231
233,-68.05111821086314,-57.43193573890038,0.7920612314455105,125590
234,-1.754385964911555,-51.57849346896546,0.7912691702140651,126559
235,-31.74061433447179,-47.133507283365034,0.790477901043851,126934
236,-64.15770609319078,-49.47262284041922,0.7896874231428072,127168
237,-78.50501792114724,-53.742043551452774,0.7888977357196644,127334
238,-64.70588235294196,-55.28019935431446,0.7881088379839447,127664
239,-72.65625000000021,-57.86497329048461,0.7873207291459607,128077
240,-13.69047619047613,-53.14281569780576,0.7865334084168147,129033
241,22.743682310471463,-43.05822848865644,0.7857468750083979,129699
242,-37.06293706293787,-40.95807058204692,0.7849611281333895,130518
243,-56.20437956204462,-39.77339671716507,0.784176167005256,130977
244,-52.3809523809532,-44.836053358769234,0.7833919908382508,131610
245,-63.934426229509,-48.055434548272956,0.7826085988474126,132057
246,-68.75000000000047,-48.51466393895392,0.7818259902485653,132324
247,-73.68421052631592,-48.03258319947079,0.7810441642583167,132932
248,-55.696202531646385,-47.131615217341235,0.7802631200940584,133222
249,-66.76737160120908,-46.54272737746212,0.7794828569739644,133762
250,-54.54545454545536,-50.62822521296005,0.7787033741169904,134085
251,-65.51724137931105,-59.45431758193829,0.7779246707428734,134483
252,-22.26148409894041,-57.97417228553854,0.7771467460721305,134798
253,-62.82527881040974,-58.63626221037506,0.7763695993260584,135213
254,-69.78851963746264,-60.377018936026005,0.7755932297267324,135762
255,-60.26490066225248,-60.01006637930035,0.7748176364970056,136307
256,-40.62500000000081,-57.19756637930038,0.7740428188605086,136654
257,-53.90070921985898,-55.219216248654696,0.7732687760416481,137095
258,-60.24464831804362,-55.67406082729442,0.7724955072656065,137314
259,13.402061855671722,-47.657117481606335,0.7717230117583408,137987
260,-52.3809523809532,-47.44066726515612,0.7709512887465825,138239
261,-64.53900709219937,-47.342843836444956,0.7701803374578359,138463
262,-65.03496503496578,-51.62019193004748,0.7694101571203781,139047
263,-26.57342657342738,-47.99500670634926,0.7686407469632577,139446
264,-17.69547325102887,-42.78570206770588,0.7678721062162944,139910
265,-72.39263803681003,-43.99847580516163,0.7671042341100781,140347
266,-47.20496894410019,-44.65647269957157,0.766337129875968,140679
267,-50.65789473684291,-44.33219125126996,0.7655707927460921,140979
268,-71.69811320754744,-45.47753774022034,0.764805221953346,141417
269,-46.488294314382095,-51.46657335722573,0.7640404167313927,141724
270,-58.466453674122214,-52.07512348654262,0.7632763763146613,142103
271,-48.905109489051924,-50.51173372622789,0.7625130999383466,142358
272,-64.78873239436696,-50.487110462168,0.7617505868384082,142772
273,-76.3513513513513,-55.464902939960396,0.7609888362515699,143199
274,-53.64238410596109,-59.05959402545361,0.7602278474153183,143508
275,-20.75471698113238,-53.895801919885855,0.759467619567903,143814
276,-56.83453237410154,-54.858758262885985,0.7587081519483351,144570
277,-70.14925373134366,-56.80789416233606,0.7579494437963867,144834
278,-44.2379182156142,-54.06187466314274,0.7571914943525904,145168
279,-28.82562277580146,-52.29560750928467,0.7564343028582378,146071
280,-62.58503401360626,-52.707465543233084,0.7556778685553796,146623
281,-43.060498220641385,-52.12300441639202,0.7549221906868242,147018
282,-67.21311475409894,-52.36544265236522,0.7541672684961374,147515
283,-73.15436241610755,-52.04574375884084,0.7534131012276413,148227
284,-64.0287769784181,-53.08438304608654,0.7526596881264136,148737
285,-56.0810810810819,-56.61701945608149,0.7519070284382872,149321
286,-73.29376854599423,-58.26294307327076,0.7511551214098489,149820
287,-73.50993377483458,-58.599011077619856,0.750403966288439,150375
288,-43.57366771159956,-58.53258602721839,0.7496535623221505,150860
289,-48.97959183673551,-60.5479829333118,0.7489039087598284,151342
290,-0.6622516556283383,-54.355704697514014,0.7481550048510686,152074
291,-52.72727272727355,-55.322382148177226,0.7474068498462175,152380
292,-51.51515151515232,-53.75258582428256,0.7466594429963713,153031
293,-64.7435897435905,-52.91150855703086,0.745912783553375,153477
294,-60.93750000000083,-52.60238085918913,0.7451668707698216,153868
295,-74.07407407407418,-54.40168015848836,0.7444217038990517,154278
296,-68.84735202492259,-53.957038506381195,0.7436772821951526,154592
297,-65.51724137931106,-53.15776926682885,0.7429336049129575,155132
298,-59.73154362416189,-54.77355685808508,0.7421906713080445,155614
299,-65.27777777777851,-56.40337545218938,0.7414484806367364,155996
300,-69.07216494845407,-63.244366781471946,0.7407070321560997,156383
301,-38.35616438356245,-61.80725594710084,0.7399663251239436,156899
302,-26.573426573427387,-59.313083452928346,0.7392263587988196,157657
303,-20.13888888888916,-54.852613367458204,0.7384871324400207,157900
304,-75.30864197530865,-56.28972756498899,0.7377486453075807,158315
305,-61.13074204947078,-54.99539436252866,0.737010896662273,158833
306,-58.333333333334146,-53.943992493369805,0.7362738857656108,159018
307,-61.403508771930646,-53.532619232631774,0.7355376118798452,159592
308,-70.037453183521,-54.56321018856768,0.7348020742679654,160042
309,-67.74193548387152,-54.809625959176984,0.7340672721936974,160711
310,-61.13074204947078,-54.01548366927865,0.7333332049215037,160915
311,-61.38996138996221,-56.31886336991863,0.7325998717165821,161425
312,-38.40579710145004,-57.502100422720886,0.7318672718448656,162311
313,-71.83098591549322,-62.6713101253813,0.7311354045730207,162734
314,-58.333333333334146,-60.97377926118385,0.7304042691684477,162994
315,-44.2379182156142,-59.28449687779819,0.7296738648992792,163659
316,-55.017301038063096,-58.952893648271086,0.7289441910343799,163881
317,-52.21843003413052,-58.03438577449107,0.7282152468433455,164652
318,-43.85964912280784,-55.41660536841975,0.7274870315965022,165038
319,-43.5215946843862,-52.99457128847123,0.7267595445649057,165815
320,-31.72690763052292,-50.05418784657644,0.7260327850203407,166039
321,-68.11594202898603,-50.726785910478824,0.7253067522353204,166259
322,-41.97952218430115,-51.084158418763934,0.724581445483085,166771
323,-22.297297297298112,-46.13078955694442,0.723856864037602,167575
324,-53.84615384615467,-45.68207160822648,0.7231330071735643,168112
325,-46.8085106382987,-45.93913085049492,0.7224098741663908,168330
326,-67.8571428571434,-47.22311503240296,0.7216874642922244,168894
327,-21.768707482993623,-44.17814277728927,0.7209657768279322,169355
328,-42.942942942943766,-44.08647215930286,0.7202448110511043,169641
329,-59.40959409594177,-45.675272100458415,0.7195245662400531,170055
330,-58.04195804195886,-48.30677714160201,0.7188050416738131,170621
331,-68.25396825396876,-48.32057976410029,0.7180862366321393,171116
332,-41.82825484764623,-48.30545303043479,0.7173681503955072,171367
333,-51.80722891566348,-51.256446192271326,0.7166507822451117,172018
334,-52.20588235294199,-51.092419042950056,0.7159341314628666,172517
335,-41.3793103448284,-50.549499013603025,0.7152181973314037,172859
336,-65.90909090909159,-50.35469381879785,0.7145029791340722,173283
337,-67.50902527075868,-54.92872559757435,0.7137884761549381,173752
338,-41.63424124513701,-54.79785542779367,0.7130746876787832,174161
339,-61.03896103896185,-54.96079212209569,0.7123616129911045,174428
340,-37.03703703703787,-52.860300021603585,0.7116492513781133,174644
341,-64.15770609319078,-52.45067380552579,0.7109376021267352,175114
342,-67.15328467153344,-54.98317678791451,0.7102266645246085,175488
343,-38.98305084745847,-53.70075898109401,0.7095164378600839,175765
344,-58.62068965517324,-54.342239711317134,0.7088069214222238,176150
345,-62.26415094339703,-56.430723771173994,0.7080981145008015,176341
346,-60.26490066225248,-55.86630474649009,0.7073900163863007,176495
347,-69.59459459459502,-56.07486167887372,0.7066826263699144,177134
348,-61.26760563380363,-58.03819811774038,0.7059759437435444,177682
349,-43.75000000000081,-56.309302013844274,0.7052699677998009,177885
350,-77.41935483870954,-60.34753379401144,0.704564697832001,178418
351,-46.043165467626714,-58.53607973145504,0.7038601331341691,178599
352,-70.26022304832752,-58.84677356913445,0.7031562730010349,179099
353,-55.12820512820594,-60.461288997209195,0.7024531167280339,179447
354,-61.26760563380363,-60.72598059507224,0.7017506636113059,180054
355,-38.08049535603785,-58.307615036336315,0.7010489129476946,181046
356,-70.0000000000004,-59.2811249701111,0.7003478640347469,181564
357,-61.403508771930646,-58.46201638784466,0.6996475161707122,182044
358,-35.60606060606141,-55.89586188507045,0.6989478686545415,182568
359,-55.55555555555636,-57.076417440626,0.698248920785887,183050
360,-31.5068493150693,-52.48516688826197,0.6975506718651011,183456
361,-49.832775919733265,-52.86412793347263,0.6968531211932361,183946
362,-62.068965517242205,-52.0450021803641,0.6961562680720428,184179
363,-21.568627450980774,-48.689044412641586,0.6954601118039707,184342
364,-16.34980988593175,-44.1972648378544,0.6947646516921667,185010
365,-65.27777777777851,-46.91699308002846,0.6940698870404746,185283
366,-61.67247386759665,-46.08424046678809,0.6933758171534341,185676
367,-44.44444444444527,-44.388334034039545,0.6926824413362807,186410
368,-48.27586206896632,-45.65531418033004,0.6919897588949444,186659
369,12.727272727274334,-38.82703135204697,0.6912977691360495,187334
370,-68.84735202492259,-42.5610816230323,0.6906064713669134,187786
371,-55.83596214511121,-43.16140024557009,0.6899158648955466,187985
372,-38.51132686084223,-40.8056363799301,0.689225949030651,188172
373,-28.315412186380758,-41.48031485347009,0.6885367230816204,188475
374,-57.142857142857956,-45.559619579162714,0.6878481863585387,189069
375,-73.941368078176,-46.42597860920246,0.6871603381721801,189620
376,-65.11627906976817,-46.77035912941962,0.686473177834008,190097
377,-66.6666666666673,-48.99258135164182,0.685786704656174,190575
378,-57.23684210526397,-49.888679355271584,0.6851009179515178,191173
379,-74.91039426523302,-58.652446054522315,0.6844158170335664,191528
380,-54.285714285715095,-57.196282280601565,0.6837314012165328,191753
381,-56.83453237410154,-57.2961393035006,0.6830476698153162,192433
382,-67.97153024911086,-60.242159642327465,0.6823646221455009,192738
383,-74.84276729559753,-64.89489515324914,0.6816822575233553,193141
384,-58.33333333333415,-65.01394277229676,0.6810005752658319,193826
385,-63.07692307692389,-63.927498272171555,0.680319574690566,194193
386,-52.07667731629474,-62.62353809682421,0.6796392551158754,194832
387,-70.23809523809561,-62.980680953967045,0.6789596158607596,195173
388,-56.363636363637184,-62.893360379804356,0.6782806562448989,195640
389,-62.8482972136231,-61.68715067464338,0.677602375588654,195830
390,-28.286852589642255,-59.08726450503608,0.6769247732130653,196586
391,-72.6962457337886,-60.67343584100479,0.6762478484398523,196899
392,-66.32996632996698,-60.5092794490904,0.6755716005914124,197115
393,-63.19018404908056,-59.34402112443871,0.674896028990821,197296
394,-50.70422535211348,-58.58111032631664,0.6742211329618302,197766
395,-63.70967741935568,-58.644385760559814,0.6735469118288684,198140
396,-52.681388012619095,-58.70485683019225,0.6728733649170395,198439
397,-47.368421052632414,-56.41788941164593,0.6722004915521225,198727
398,-73.05389221556904,-58.08691499683912,0.6715282910605703,199066
399,-58.064516129033066,-57.608536888380115,0.6708567627695098,199658
400,6.3829787234054525,-54.14155375707535,0.6701859060067403,200536
401,-17.763157894737166,-48.64824497317021,0.6695157201007336,201101
402,-38.51132686084213,-45.86638102625771,0.6688462043806328,202038
403,-19.028340080971827,-41.45019662944684,0.6681773581762521,202482
404,-59.73154362416189,-42.35292845665168,0.6675091808180759,202808
405,-67.74193548387152,-42.75615426310327,0.6668416716372578,203066
406,-51.21951219512278,-42.60996668135364,0.6661748299656206,203329
407,-45.94594594594676,-42.46771917068507,0.6655086551356549,204137
408,-57.05521472392718,-40.86785142152088,0.6648431464805192,204721
409,-59.06432748538092,-40.967832557155674,0.6641783033340387,205030
410,-66.10169491525491,-48.21629992102171,0.6635141250307047,205566
411,-70.68403908794822,-53.50838804034281,0.662850610905674,206038
412,-59.85401459854097,-55.6426568141127,0.6621877602947683,206319
413,-67.84565916398768,-60.52438872241428,0.6615255725344735,206728
414,-23.87543252595209,-56.9387776125933,0.660864046961939,206952
415,-41.81818181818265,-54.34640224602441,0.660203182914977,207171
416,-63.23529411764788,-55.54798043827693,0.6595429797320621,207449
417,9.3539065382231e-13,-50.953385843682156,0.6588834367523301,208116
418,-51.76848874598151,-50.42471324588759,0.6582245533155777,208294
419,-47.368421052632385,-49.25512260261274,0.6575663287622622,208618
420,-40.298507462687375,-46.67480385735598,0.6569087624334999,209012
421,-72.50859106529231,-46.85725905509039,0.6562518536710664,209478
422,-55.017301038063096,-46.3735876990426,0.6555956018173954,209689
423,-62.3287671232885,-45.821898494972686,0.654940006215578,210332
424,-52.755905511811854,-48.70994579355866,0.6542850662093624,210918
425,-65.73208722741502,-51.1013363344819,0.6536307811431531,211530
426,-68.55345911949733,-51.63315283466684,0.65297715036201,211975
427,-65.75342465753495,-58.20849530042043,0.6523241732116479,212145
428,-53.57142857142939,-58.38878928296522,0.6516718490384363,212476
429,-31.547619047619833,-56.80670908246397,0.6510201771893979,213360
430,-64.53900709219937,-59.23075904541516,0.6503691570122084,213643
431,-56.66666666666749,-57.646566605552685,0.6497187878551962,213780
432,-54.37262357414531,-57.58209885916091,0.649069069067341,214309
433,-56.363636363637184,-56.985585783195766,0.6484199999982736,214485
434,-60.57347670250978,-57.76734290226557,0.6477715799982753,214771
435,-47.598253275110004,-55.953959507035066,0.647123808418277,214976
436,-62.38244514106664,-55.33685810919199,0.6464766846098587,215105
437,-55.489614243324255,-54.31047706777092,0.6458302079252489,215810
438,-44.27244582043417,-53.38057879267141,0.6451843777173236,216746
439,-66.1971830985922,-56.84553519776864,0.6445391933396063,217335
440,-61.67247386759665,-56.55888187530837,0.6438946541462667,217797
441,-42.56756756756838,-55.14897196539846,0.6432507594921204,218091
442,-13.857677902621596,-51.097477398246085,0.6426075087326283,218309
443,-14.590747330960854,-46.920188494978454,0.6419649012238956,218920
444,-66.54275092936867,-47.51711591766434,0.6413229363226717,219202
445,-63.63636363636446,-49.120926953789784,0.640681613386349,219711
446,-54.19847328244357,-48.30252976792748,0.6400409317729626,219917
447,-58.62068965517324,-48.61563730911238,0.6394008908411897,220517
448,-60.43165467625982,-50.23155819469495,0.6387614899503485,220899
449,-61.403508771930646,-49.75219076202879,0.6381227284603982,221528
450,-52.94117647058906,-48.87906102232803,0.6374846057319378,221826
451,-50.46439628483053,-49.668743894054245,0.6368471211262058,222000
452,-65.29968454258747,-54.81294455805083,0.6362102740050796,222468
453,-49.275362318841395,-58.28140605683889,0.6355740637310745,222632
454,-63.50364963503732,-57.977495927405755,0.6349384896673435,223015
455,-73.42192691029915,-58.95605225479922,0.6343035511776761,223430
456,-70.96774193548418,-60.63297912010328,0.6336692476264985,223795
457,-72.39263803681003,-62.010173958266954,0.6330355783788719,224104
458,-61.78343949044667,-62.145352439685645,0.632402542800493,224648
459,-35.48387096774276,-59.55338865926685,0.6317701402576925,225081
460,-60.13289036544932,-60.27256004875288,0.6311383701174348,225635
461,-20.948616600790846,-57.32098208034891,0.6305072317473174,226160
462,-24.302788844622132,-53.22129251055238,0.6298767245155701,226395
463,-23.913043478261688,-50.685060626494405,0.6292468477910546,227295
464,-26.5734265734273,-46.99203832033341,0.6286176009432635,228245
465,-60.57347670250978,-45.707193299554476,0.6279889833423202,228616
466,-22.535211267606417,-40.863940232766694,0.6273609943589779,229402
467,-62.58503401360626,-39.883179830446316,0.6267336333646188,230020
468,-62.3287671232885,-39.937712593730495,0.6261068997312542,230470
469,-69.92481203007559,-43.38180669996378,0.6254807928315229,230895
470,-51.12781954887301,-42.48129961830615,0.6248553120386914,231053
471,-63.934426229509,-46.77988058117797,0.6242304567266527,231600
472,-56.8106312292367,-50.030664819639426,0.623606226269926,231738
473,-48.529411764706694,-52.49230164828392,0.6229826200436561,232320
474,-72.47706422018369,-57.08266541295957,0.6223596374236124,232739
475,-60.57347670250978,-57.08266541295957,0.6217372777861888,233106
476,-42.760942760943564,-59.10523856229328,0.6211155405084027,233403
477,-64.96815286624278,-59.343550447556936,0.6204944249678943,233733
478,-37.95620437956288,-56.90629417318437,0.6198739305429264,233935
479,-66.99669966996761,-56.61348293717357,0.6192540566123834,234138
480,-71.0144927536235,-58.602150257648624,0.6186348025557711,234572
481,-57.65472312703664,-57.97417994740139,0.6180161677532153,235235
482,-33.79790940766635,-55.67290776524435,0.6173981515854621,235978
483,-53.56037151702867,-56.17600374047655,0.6167807534338766,236194
484,-58.33333333333415,-54.7616306517916,0.6161639726804428,236414
485,-37.98449612403184,-52.502732593943804,0.6155478087077623,236688
486,-53.307392996109776,-53.55737761746042,0.6149322608990545,237217
487,-55.71955719557277,-52.63251805039342,0.6143173286381555,237593
488,-59.73154362416189,-54.81005197485332,0.6137030113095173,238228
489,-57.83132530120564,-53.893514537977126,0.6130893082982078,238433
490,-65.15679442508785,-53.30774470512356,0.6124762189899097,238582
491,-66.6666666666673,-54.20893905908663,0.6118637427709198,239066
492,-12.133891213388909,-52.042537239658884,0.6112518790281489,239344
493,-67.50902527075868,-53.437402615031885,0.6106406271491208,239714
494,-64.66431095406438,-54.070500377104906,0.6100299865219717,240164
495,-60.992907801419264,-56.371341544843645,0.6094199565354498,240658
496,-69.78851963746264,-58.019454208978935,0.6088105365789144,241025
497,-66.41791044776184,-59.08928953419784,0.6082017260423355,241444
498,19.38776978417326,-51.17735819336433,0.6075935243162931,241610
499,-45.76271186440762,-49.97049684968452,0.6069859307919768,242298
500,-10.714285714286572,-44.52624597860439,0.6063789448611848,243258
501,-71.51898734177243,-45.0114780461149,0.6057725659163237,243793
502,-73.48484848484863,-51.146573773260876,0.6051667933504074,244081
503,-62.58503401360626,-50.65417464754564,0.6045616265570569,244480
504,-36.39575971731533,-47.827319523870734,0.6039570649304998,244694
505,-57.74647887324025,-47.502676631052836,0.6033531078655693,245290
506,-60.39603960396122,-46.56342862770269,0.6027497547577038,245541
507,-42.424242424243225,-44.16406182535083,0.602147005002946,246291
508,-60.13289036544932,-52.116127840313084,0.6015448579979431,246452
509,-63.57615894039817,-53.89747254791214,0.6009433131399452,246886
510,-60.39603960396122,-58.8656479368796,0.6003423698268052,247122
511,-50.000000000000824,-56.713749202702445,0.5997420274569785,247782
512,-74.60317460317466,-56.825581814535056,0.5991422854295215,248105
513,-69.04024767801903,-57.47110318097632,0.598543143144092,248610
514,-68.19787985865777,-60.65131519511057,0.5979446000009478,248984
515,-63.81578947368502,-61.25824625515505,0.5973466554009469,249158
516,-57.09570957095792,-60.92821325185472,0.596749308745546,249317
517,-58.477508650519844,-62.53353987448238,0.5961525594368005,249653
518,-38.144329896908026,-60.33468382762825,0.5955564068773637,249938
519,-19.230769230769564,-55.900144856665385,0.5949608504704863,250521
520,-6.137184115522965,-50.47425930782156,0.5943658896200158,251316
521,-61.53846153846236,-51.628105461667715,0.5937715237303958,251504
522,-57.79220779220861,-49.94700878057111,0.5931777522066654,251714
523,-7.7490774907745905,-43.81789176184667,0.5925845744544587,252380
524,-54.692556634305014,-42.467359439411396,0.5919919898800042,252716
525,-26.666666666667435,-38.752447158709636,0.5913999978901242,252883
526,-55.17241379310427,-38.56011758092426,0.590808597892234,253067
527,-66.44295302013487,-39.35666201788577,0.5902177892943418,253372
528,-65.51724137931106,-42.09395316612607,0.5896275715050474,253772
529,-47.019867549669705,-44.87286299801609,0.5890379439335424,254127
530,-64.84375000000077,-50.74351958646387,0.5884489059896089,254533
531,-73.85620915032692,-51.97529434765032,0.5878604570836192,254860
532,-65.63573883161583,-52.75964745159105,0.5872725966265356,255121
533,-59.32203389830592,-57.91694309234417,0.5866853240299091,255797
534,-68.42105263157946,-59.28979269207163,0.5860986387058792,256353
535,-67.21311475409894,-63.34443750081478,0.5855125400671733,256679
536,-71.0144927536235,-64.9286453968667,0.5849270275271061,257166
537,2.8368794326251123,-58.0006621515907,0.584342100499579,257797
538,-58.333333333334146,-57.282271346993,0.5837577583990794,258268
539,-57.142857142857956,-58.29457030631183,0.5831740006406804,258845
540,-44.649446494465764,-56.275139955758334,0.5825908266400397,259030
541,-60.78431372549101,-54.96795041327474,0.5820082358133997,259537
542,-64.15770609319078,-54.82014713943223,0.5814262275775862,259696
543,-53.57142857142939,-54.245086606744586,0.5808448013500086,260052
544,-40.14084507042328,-51.417065850628966,0.5802639565486586,260787
545,-47.54098360655817,-49.44985273587489,0.57968369259211,260930
546,-65.63573883161583,-48.91197734367412,0.5791040088995179,261362
547,-56.11285266457761,-54.806950553394394,0.5785249048906184,261989
548,-62.837837837838656,-55.25740100384485,0.5779463799857277,262362
549,-69.07216494845407,-56.450331784404455,0.577368433605742,262679
550,-59.514170040486654,-57.93680413900654,0.5767910651721362,262996
551,-57.79220779220861,-57.63759354567831,0.576214274106964,263609
552,-36.170212765958276,-54.83884421295505,0.5756380598328571,263763
553,-65.87030716723619,-56.06873207253574,0.5750624217730242,264179
554,-65.51724137931106,-58.60637170342451,0.5744873593512512,264420
555,-66.88741721854366,-60.54101506462306,0.5739128719918999,264985
556,-19.860627177701144,-55.96350389923159,0.573338959119908,265930
557,-73.68421052631592,-57.72063968540542,0.572765620160788,266393
558,-70.58823529411801,-58.495679431033366,0.5721928545406272,266749
559,-63.08724832214847,-57.897187768402794,0.5716206616860866,267092
560,-60.15936254980163,-57.9617070193343,0.5710490410244006,267418
561,-48.63013698630218,-57.045499938743646,0.5704779919833761,267603
562,-60.26490066225248,-59.45496872837307,0.5699075139913927,268044
563,-65.15679442508785,-59.38361745415824,0.5693376064774013,268451
564,-60.15936254980162,-58.8478295712073,0.5687682688709239,268991
565,-64.78873239436696,-58.63796108878963,0.5681995006020529,269661
566,-61.165048543690126,-62.768403225388525,0.5676313011014509,270181
567,-65.63573883161583,-61.96355605591852,0.5670636698003494,270565
568,-40.98360655737784,-59.00309318224449,0.5664966061305491,270800
569,-64.53900709219937,-59.148269059249586,0.5659301095244186,271137
570,-44.76744186046593,-57.60907699031602,0.5653641794148941,271556
571,-62.068965517242205,-58.95295984341002,0.5647988152354793,271714
572,-37.29372937293808,-56.65584271447858,0.5642340164202437,272634
573,-54.54545454545537,-55.59470872651533,0.5636697824038235,273038
574,-71.15384615384646,-56.694157086919816,0.5631061126214196,273514
575,-4.918032786884668,-50.70708712617159,0.5625430065087982,274254
576,-65.51724137931106,-51.14230640973368,0.5619804635022894,274682
577,-58.477508650519844,-50.42648339162408,0.561418483038787,275281
578,-73.68421052631592,-53.696543788517886,0.5608570645557482,275628
579,-70.68403908794822,-54.31104698809278,0.5602962074911925,276028
580,-61.67247386759665,-56.001550188805844,0.5597359112837013,276210
581,-34.545454545455385,-53.24919909162717,0.5591761753724176,276402
582,-70.14925373134366,-56.53475152746772,0.5586169991970452,276830
583,-11.564625850340894,-52.23666865795627,0.5580583821978482,277592
584,-24.81203007518882,-47.60248705009052,0.5575003238156504,278365
585,-55.88235294117729,-52.698919065519775,0.5569428234918348,278773
586,-50.530035335689874,-51.200198461157655,0.5563858806683429,278963
587,-71.06109324758873,-52.458556920864545,0.5558294947876746,279414
588,-66.46341463414699,-51.736477331647656,0.5552736652928869,279808
589,-59.04436860068341,-50.57251028292117,0.5547183916275941,280096
590,-25.00000000000077,-46.90526289616158,0.5541636732359665,280956
591,-52.22929936305813,-48.67364737792185,0.5536095095627305,281119
592,-70.49180327868888,-48.70790233265638,0.5530559000531677,281472
593,-71.06109324758873,-54.657549072381165,0.5525028441531146,281927
594,-63.09963099631078,-58.486309164493356,0.5519503413089615,282397
595,-58.04195804195886,-58.70226967457152,0.5513983909676525,282816
596,3.0927835051556505,-53.339987790486965,0.5508469925766849,283509
597,-59.706959706960525,-52.20457443642414,0.5502961455841082,284065
598,-41.391941391942204,-49.69742711220366,0.5497458494385241,284228
599,-36.30573248407724,-47.42356350054305,0.5491961035890855,285058
600,-60.28880866426074,-50.95244436696904,0.5486469074854965,285596
601,-46.84385382059883,-50.413899812723116,0.548098260578011,285729
602,-53.405017921147774,-48.705221276969,0.547550162317433,286322
603,-26.056338028169716,-44.204745755027105,0.5470026121551156,286484
604,-33.88429752066199,-41.28321240746222,0.5464556095429605,286834
605,-64.53900709219937,-41.932917312486275,0.5459091539334175,287282
606,-33.33333333333414,-45.57552899633525,0.5453632447794842,287915
607,-71.0144927536235,-46.70628230100155,0.5448178815347047,288409
608,-23.61111111111168,-44.9281992729185,0.54427306365317,288596
609,-70.58823529411801,-48.35644955392257,0.5437287905895168,288817
610,-45.454545454546285,-46.87302323295113,0.5431850617989273,289031
611,-47.55244755244836,-46.943882606136086,0.5426418767371284,289266
612,-37.93103448275943,-45.39648426229725,0.5420992348603912,289639
613,-56.83453237410154,-48.47430369689043,0.5415571356255309,290150
614,-11.764705882352951,-46.262344533059526,0.5410155784899053,290874
615,-47.95539033457331,-44.60398285729692,0.5404745629114154,290984
616,-55.55555555555636,-46.82620507951914,0.539934088348504,291263
617,-52.00000000000083,-44.924755804156874,0.5393941542601555,291851
618,-62.61682242990736,-48.82532693603644,0.5388547601058953,292000
619,-20.454545454545748,-43.81195795207922,0.5383159053457894,292169
620,-60.78431372549101,-45.34493477917369,0.5377775894404436,292629
621,-39.06810035842376,-44.49650005977123,0.5372398118510032,293319
622,25.475285171105156,-38.15586809438477,0.5367025720391522,293532
623,-65.9442724458211,-39.06684210155673,0.536165869467113,293960
624,-55.22388059701574,-43.412759573023,0.5356297035976458,294304
625,-64.91228070175514,-45.10844860974119,0.5350940738940482,294737
626,-29.88929889298976,-42.541822943484526,0.5345589798201541,295684
627,-69.78851963746264,-44.32067490723071,0.534024420840334,295836
628,-64.7435897435905,-44.53335163859903,0.5334903964194936,296273
629,-31.89964157706176,-45.677861250850626,0.5329569060230741,296443
630,-59.73154362416189,-45.57258424071772,0.532423949117051,296949
631,-72.12543554006993,-48.87831775888233,0.531891525167934,297256
632,-54.545454545455364,-56.880391730538385,0.5313596336427661,297469
633,-32.15339233038432,-53.5013037189947,0.5308282740091232,297648
634,-46.488294314382095,-52.627745090731345,0.5302974457351142,297964
635,-25.69659442724539,-48.706176463280364,0.5297671482893791,298560
636,-31.15942028985589,-48.83318860296698,0.5292373811410898,298736
637,-39.929328621908965,-45.84726950141161,0.5287081437599487,299534
638,-58.62068965517324,-45.234979492569884,0.5281794356161887,299997
639,-68.53146853146903,-48.89816218801061,0.5276512561805725,300572
640,-34.30656934306653,-46.355664759901074,0.5271236049243919,301401
641,-64.63022508038661,-45.606143713932745,0.5265964813194676,301751
642,-69.79865771812122,-47.13146403119933,0.5260698848381481,302184
643,-53.90070921985898,-49.306195720146796,0.5255438149533099,302367
644,-22.79411764705956,-46.93677805341454,0.5250182711383566,303345
645,-70.87378640776731,-51.45449725146673,0.5244932528672183,303838
646,-61.403508771930646,-54.47890609967421,0.5239687596143511,304152
647,-52.02952029520377,-55.68892526700368,0.5234447908547367,304800
648,-61.76470588235375,-56.00332688972175,0.522921346063882,304931
649,-67.6258992805761,-55.912769964632446,0.522398424717818,305364
650,-62.068965517242205,-58.68900958205002,0.5218760262931003,305696
651,-58.762886597938966,-58.10227573380526,0.5213541502668072,305832
652,-55.71955719557277,-56.6943656815504,0.5208327961165404,306468
653,-12.000000000000188,-52.50429475956453,0.5203119633204238,307125
654,-52.54237288135677,-55.479120282994245,0.5197916513571034,307790
655,-29.104477611941043,-51.302189403411624,0.5192718597057463,308747
656,-65.51724137931106,-51.71356266414966,0.5187525878460405,309267
657,-58.59872611465049,-52.37048324609433,0.5182338352581944,309564
658,-75.35211267605635,-53.72922392546459,0.5177156014229363,309932
659,-57.894736842106084,-52.75610768161759,0.5171978858215134,310393
660,-51.219512195122775,-51.671162349405655,0.5166806879356919,310997
661,-36.02693602693673,-49.397567292305425,0.5161640072477562,311951
662,-56.521739130435606,-49.477785485791706,0.5156478432405085,312565
663,-35.94306049822145,-51.87209153561383,0.515132195397268,312936
664,-9.774436090225224,-47.59529785650068,0.5146170632018707,313230
665,-48.71794871794953,-49.556644967101526,0.5141024461386688,313367
666,-64.41281138790114,-49.44620196796053,0.5135883436925301,313835
667,-51.048951048951864,-48.691224461390675,0.5130747553488376,313998
668,-42.44604316546844,-45.400617510331884,0.5125616805934888,314130
669,-74.84276729559753,-47.09542055568103,0.5120491189128954,314373
670,-64.28571428571509,-48.402040764740256,0.5115370697939825,314713
671,-38.016528925620676,-48.601000054608654,0.5110255327241885,314945
672,-58.64661654135421,-48.81348779570051,0.5105145071914643,315275
673,-45.6066945606703,-49.7798512019454,0.5100039926842729,315396
674,-64.16938110749267,-55.21934570367215,0.5094939886915886,315771
675,-45.31250000000083,-54.87880083187728,0.508984494702897,316128
676,-48.529411764706694,-53.29046086955783,0.508475510208194,316289
677,-39.59731543624244,-52.145297308286885,0.5079670346979859,317088
678,-44.63667820069285,-52.364360811809334,0.5074590676632879,317260
679,-49.044585987261954,-49.784542680975775,0.5069516085956246,317389
680,-64.91228070175514,-49.847199322579776,0.506444656987029,317703
681,-64.41281138790114,-52.486827568807826,0.505938212330042,318180
682,-57.894736842106084,-52.411639598883006,0.505432274117712,318819
683,-12.162162162162035,-49.067186359032185,0.5049268418435943,319438
684,-75.90361445783128,-50.240609694066045,0.5044219150017507,319866
685,-61.67247386759665,-51.87660708082562,0.5039174930867489,320177
686,18.081180811810086,-45.21554782317395,0.5034135755936622,320372
687,-28.571428571429337,-44.11295913669264,0.5029101620180685,321344
688,-54.38596491228152,-45.08788780785151,0.5024072518560504,321911
689,-59.18367346938857,-46.10179655606417,0.5019048446041944,322463
690,-26.9102990033231,-42.30159838622096,0.5014029397595902,323260
691,-53.57142857142939,-41.21746010457379,0.5009015368198305,323391
692,-45.70135746606419,-39.998122166969594,0.5004006352830107,323661
693,-53.64238410596109,-44.1461443613495,0.4999002346477277,323859
694,-43.39622641509515,-40.89540555707589,0.49940033441307996,324048
695,-61.93771626297659,-40.92192979661389,0.49890093407866687,324193
696,-42.528735632184706,-46.98292144101337,0.4984020331445882,324346
697,-63.81578947368502,-50.50735753123893,0.4979036311114436,324472
698,-61.904761904762715,-51.25923723048705,0.4974057274803321,325056
699,-59.73154362416189,-51.314024245964376,0.49690832175285177,325463
700,-65.51724137931106,-55.174718483563176,0.4964114134310989,325572
701,-14.965986394557811,-51.31417426587602,0.4959150020176678,326172
702,-78.26086956521719,-54.57012547579133,0.49541908701565013,326603
703,-32.075471698114015,-52.41343423500662,0.49492366792863446,326742
704,-53.33333333333415,-53.40714492683052,0.4944287442607058,327319
705,-42.76094276094348,-51.489467576627206,0.4939343155164451,328291
706,-60.1449275362327,-53.25108676703201,0.4934403812009287,328819
707,-67.84565916398768,-53.654073736062266,0.4929469408197278,329385
708,0.34602076124646464,-47.428995469461356,0.49245399387890804,330335
709,-52.55474452554827,-46.71131555959999,0.4919615398850291,330895
710,-57.29537366548124,-45.88912878821701,0.4914695783451441,331203
711,-19.14893617021335,-46.30742376578256,0.4909781087667989,331902
712,-56.79012345679093,-44.16034915493994,0.4904871306580321,332354
713,-29.36802973977777,-43.88960495910631,0.4899966435273741,332571
714,-37.72893772893854,-42.329165398666746,0.4895066468838467,332719
715,-17.241379310345334,-39.77720905360694,0.48901714023696286,333443
716,-37.90849673202694,-37.55356597318636,0.4885281230967259,333606
717,-63.81578947368502,-37.15057900415609,0.48803959497362914,333998
718,-24.050632911393233,-39.59024437142006,0.4875515553786555,334746
719,-61.93771626297659,-40.528541545162895,0.48706400382327686,334835
720,-23.875432525952146,-37.18654743120999,0.4865769398194536,335019
721,-65.6250000000007,-41.834153814188724,0.48609036287963414,335382
722,-57.65472312703664,-41.92061378121329,0.48560427251675453,335685
723,-57.74647887324025,-44.758458694559536,0.48511866824423777,336284
724,-67.21311475409894,-47.70687639707558,0.4846335495759935,336564
725,-17.647058823529502,-47.747444348394,0.4841489160264175,336704
726,-67.42671009772043,-50.69926568496335,0.4836647671103911,337136
727,-51.55709342560635,-49.473396080155474,0.4831811023432807,337274
728,-13.357400722021703,-48.404072861218324,0.4826979212409374,337923
729,-59.09372937293756,-48.119674172214424,0.48221522331969646,338045
730,-57.23684210526397,-51.45581513014561,0.48173300809637676,338528
731,-69.89966555183987,-51.88328168532952,0.48125127508828036,338927
732,-65.81196581196647,-52.69900595382251,0.48077002381319206,339295
733,-46.107784431138526,-51.535136509612336,0.48028925378937887,340015
734,-67.15328467153344,-51.52915350135578,0.47980896453558947,340495
735,-50.52980132450321,-54.81742775145316,0.4793291555710539,340668
736,-55.17241379310427,-53.59199812099153,0.47884982641548285,341156
737,-61.53846153846236,-54.59013493227714,0.47837097658906735,341353
738,-54.86111111111193,-58.74050597118617,0.47789260561247826,341592
739,-53.48837209302408,-58.179970243194816,0.4774147130068658,342249
740,-66.78966789667959,-59.13525282233637,0.4769372982938589,342534
741,-57.36434108527215,-57.881720375679606,0.47646036099556505,343026
742,-60.526315789474495,-57.3531553734304,0.47598390063456947,343162
743,-65.98639455782381,-59.34101638609893,0.4755079167339349,343513
744,-24.731182795699755,-55.09880619851557,0.47503240881720094,344352
745,-53.795379537954624,-55.42536401986071,0.47455737640838375,344527
746,-42.953020134229014,-54.20342465397319,0.47408281903197536,344674
747,-46.76806083650273,-52.726384583777225,0.47360873621294336,344910
748,-52.55474452554827,-52.49574792522085,0.4731351274767304,345232
749,-55.17241379310427,-52.66415209522887,0.4726619923492537,345348
750,-64.7435897435905,-52.45954427991997,0.47218933035690447,345576
751,-63.81578947368502,-53.10468911876124,0.47171714102654755,345980
752,-56.5217391304356,-52.70423145285736,0.471245423885521,346447
753,-53.736654804271275,-51.47925747750211,0.47077417846163544,346558
754,-28.82562277580151,-51.88870147551228,0.4703034042831738,347305
755,-16.000000000000835,-48.1091635217169,0.46983310087889063,348230
756,-58.955223880597835,-49.709383896353785,0.46936326777801174,348453
757,-61.66134185303595,-51.198711998007106,0.4688939045102337,348588
758,-28.813559322034752,-48.82459347765575,0.4684250106057235,348790
759,-38.93129770992449,-47.20048186933778,0.46795658559511777,349347
760,-59.62732919254739,-46.68885581423346,0.46748862900952265,349831
761,-58.064516129033066,-46.11372847976827,0.4670211403805131,350005
762,-38.70967741935564,-44.33252230866027,0.4665541192401326,350131
763,-64.0287769784181,-45.361734526074954,0.4660875651208925,350473
764,-61.53846153846235,-48.633018402341044,0.4656214775557716,350955
765,-51.85185185185268,-52.218203587526226,0.46515585607821586,351607
766,-37.95620437956288,-50.11830163742273,0.46469070022213765,352459
767,-32.65993265993345,-47.21816071811248,0.4642260095219155,353134
768,-64.28571428571507,-50.76537621448051,0.4637617835123936,353517
769,-50.70422535211348,-51.94266897869941,0.46329802172888124,354156
770,-65.87030716723619,-52.56696677616829,0.46283472370715234,354661
771,-57.198443579767364,-52.48035952124172,0.46237188898344517,355226
772,-67.84565916398768,-55.39395769570492,0.4619095170944617,355677
773,21.686131386861717,-46.82246685917694,0.46144760757736725,355823
774,-31.29770992366489,-43.7983916976972,0.46098615996978987,356771
775,-70.96774193548418,-45.70998070606035,0.46052517380982005,357064
776,-65.98639455782381,-48.51299972388644,0.4600646486360102,357680
777,-5.923344947735314,-45.83934095266663,0.4596045839873742,358655
778,-36.666666666667474,-43.07743619076187,0.45914497940338683,359406
779,-62.32876712328849,-44.23989036787937,0.4586858344239834,359550
780,-29.37853107344716,-40.590712758500466,0.45822714858955943,360206
781,-41.74757281553479,-39.04562568207721,0.45776892144096987,360371
782,-52.3809523809532,-37.499155003773765,0.4573111525195289,360500
783,-16.666666666666796,-41.33443480912661,0.4568538413670094,361028
784,-63.50364963503732,-44.555028780263854,0.4563969875256424,361348
785,-65.03496503496578,-43.96175109021202,0.45594059053811675,361713
786,-45.945945945946775,-41.95770622902431,0.45548464994757865,361858
787,-66.55518394648894,-48.02089012889967,0.45502916529763104,362271
788,-66.6666666666673,-51.02089012889966,0.45457413613233344,362749
789,-60.57347670250978,-50.84536108682178,0.4541195619962011,363049
790,-65.9442724458211,-54.501935224059174,0.4536654424342049,363387
791,-54.86111111111193,-55.81328905361689,0.45321177699177073,363921
792,-59.866220735786776,-56.56181588910025,0.452758565214779,364493
793,10.320284697510383,-53.863120752682526,0.4523058066495642,365089
794,-66.88741721854366,-54.20149751103317,0.45185350084291465,365468
795,-63.50364963503732,-54.048365971040326,0.4514016473420717,365612
796,-41.55844155844239,-53.60961553228988,0.45095024569472963,366385
797,-42.771084337350224,-51.23120557137601,0.4504992954490349,366604
798,-67.65498652291159,-51.33003755700044,0.45004879615358584,367031
799,-44.444444444445246,-49.71713433119398,0.44959874735743227,367173
800,-70.09966777408677,-50.13267386402055,0.4491491486100748,367501
801,-66.88741721854366,-51.335304474763724,0.44869999946146477,367666
802,-55.752212389381356,-50.923903640123186,0.4482512994620033,367844
803,-30.909090909091756,-55.0468412007834,0.4478030481625413,368555
804,-69.87951807228956,-55.34605128615799,0.44735524511437874,368944
805,-68.42105263157946,-55.837791585812205,0.4469078898692644,369333
806,-32.330827067670015,-54.915030136734956,0.4464609819793951,370035
807,-57.03125000000083,-56.34104670300002,0.44601452099741573,370506
808,-51.49253731343365,-54.724801782052225,0.4455685064764183,370668
809,-41.17647058823609,-54.39800439643132,0.4451229379699419,370841
810,-11.111111111110892,-48.499148730133726,0.44467781503197196,371442
811,-49.82078853046677,-46.792485861326035,0.44423313721693997,371645
812,-15.750915750915704,-42.79235619747947,0.44378890407972305,371833
813,-10.852713178294703,-40.786718424399766,0.44334511517564335,372741
814,-68.75000000000047,-40.67376661717086,0.4429017700604677,372958
815,-69.6969696969701,-40.80135832370992,0.44245886829040726,373166
816,-59.32203389830592,-43.50047900677352,0.44201640942211684,373743
817,-56.228956228957045,-43.42024962966913,0.44157439301269474,373987
818,-19.40298507462749,-40.21129440578852,0.44113281861968207,374745
819,-56.953642384106786,-41.78901158537559,0.4406916858010624,375008
820,-69.07216494845407,-47.585116969109905,0.4402509941152613,375396
821,-51.38888888888971,-47.7419270049522,0.43981074312114604,375507
822,-75.80645161290322,-53.74748059115095,0.4393709323780249,376010
823,-33.55481727574834,-56.01769100089632,0.4389315614456469,376160
824,-35.810810810811624,-52.72377208197743,0.43849262988420123,376487
825,-49.64028776978499,-50.71810388925892,0.438054137254317,376685
826,-67.15328467153344,-51.50122896658168,0.4376160831170627,376870
827,-62.199312714777456,-52.098264615163714,0.43717846703394564,377295
828,-42.23826714801525,-54.38179282250248,0.4367412885669117,377513
829,-73.29376854599423,-56.01580543869123,0.4363045472783448,377836
830,-39.929328621908965,-53.10152180603673,0.43586824273106645,377983
831,-59.259259259260084,-53.88855884307376,0.4354323744883354,378510
832,-39.50177935943141,-50.25809161772658,0.43499694211384704,379226
833,-17.91044776119414,-48.69365466627116,0.4345619451717332,379398
834,-69.13580246913625,-52.026153832103624,0.43412738322656147,379832
835,-54.54545454545537,-52.516670509670654,0.4336932558433349,380249
836,-32.624113475178135,-49.06375339003513,0.43325956258749154,380988
837,-50.81967213114834,-47.92578933167222,0.43282630302490405,381158
838,-63.81578947368502,-50.08354156423919,0.43239347672187917,381465
839,-61.13074204947078,-48.86723891458685,0.4319610832451573,382062
840,-57.79220779220861,-50.653526831616816,0.43152912216191214,382509
841,-23.954372623574702,-47.123038168048275,0.4310975930397502,382670
842,-66.32996632996698,-49.80585686510183,0.43066649544671043,383030
843,-61.24031007752021,-54.13884309673445,0.4302358289512637,383407
844,-65.15679442508785,-53.7409422923296,0.4298055931223125,383935
845,-66.78966789667959,-54.96536362745202,0.42937578752919014,384260
846,-77.77777777777762,-59.480730057711966,0.4289464117416609,384735
847,-57.92880258899757,-60.191643103496894,0.42851746532991924,385061
848,-53.12500000000083,-59.122564156128476,0.42808894786458934,385539
849,77.70502092050353,-45.23898785913104,0.42766085891672473,385777
850,-0.3215434083593291,-39.49192142074612,0.427233198057808,386410
851,-38.110749185668574,-40.90755907695551,0.4268059648597502,386617
852,-67.21311475409894,-40.9958739193687,0.4263791588948904,387024
853,34.094425087108704,-31.462400402905807,0.42595277973599555,387186
854,-48.05194805194888,-29.75191576559191,0.42552682695625954,387338
855,-48.71794871794953,-27.944743847718904,0.4251013001293033,387886
856,-65.40880503144724,-26.707846573085867,0.424676198829174,388150
857,-79.10447761194003,-28.82541407538011,0.4242515226303448,388734
858,-65.75342465753495,-30.088256541133525,0.42382727110771445,389209
859,1.1235955056189257,-37.746399082621984,0.4234034438366067,389801
860,-27.083333333334163,-40.42257807511947,0.4229800403927701,390595
861,-16.03053435114502,-38.21455659166711,0.42255706035237733,390771
862,-39.18918918919,-35.41216403517622,0.42213450329202495,391502
863,-62.68656716417993,-45.09026326030508,0.4217123687887329,391824
864,-69.87951807228956,-47.27302026233915,0.4212906564199442,392121
865,-51.310861423221795,-47.53231153286637,0.42086936576352424,392275
866,-68.35443037974734,-47.82687406769638,0.4204484963977607,392703
867,-58.64661654135421,-45.781087960637805,0.42002804790136294,393100
868,10.344827586208348,-38.17126273626347,0.4196080198534616,393987
869,-55.782312925170885,-43.86185357934245,0.4191884118336081,394437
870,-13.580246913580302,-42.51154493736707,0.41876922342177453,395155
871,-52.54237288135677,-46.16272879038824,0.41835045419835276,395277
872,-62.732919254659194,-48.517101796935165,0.4179321037441544,395887
873,-60.13289036544932,-48.261734117062105,0.41751417164041027,395980
874,-59.18367346938857,-47.192149656772,0.41709665746876984,396396
875,-61.90476190476272,-48.251539704926095,0.4166795608113011,397020
876,-61.19402985074708,-47.535499652026076,0.41626288125048977,397526
877,-70.41420118343231,-48.71225811623388,0.41584661836923925,397833
878,-54.983922829582795,-55.245133157812994,0.41543077175087,397953
879,-20.15209125475312,-51.68211099077122,0.41501534097911913,398097
880,-34.545454545455385,-53.77863175395872,0.41460032563814003,398269
881,-38.40579710145009,-52.364974175968065,0.4141857253125019,398757
882,-68.53146853146903,-52.94482910364904,0.41377153958718943,398960
883,-13.669064748201304,-48.298446541924235,0.4133577680476022,399057
884,-64.16938110749265,-48.79701730573465,0.4129444102795546,399504
885,-69.04024767801903,-49.51056588306028,0.412531465869275,399945
886,-38.775510204082444,-47.268713918393814,0.41211893440340575,400198
887,-51.21951219512279,-45.349245019562865,0.41170681546900234,400350
888,-39.0681003584237,-43.75766277244695,0.41129510865353336,401305
889,-30.23255813953573,-44.765709460925216,0.41088381354487985,401658
890,-37.984496124031836,-45.10961361878286,0.410472929731335,402406
891,-75.07788161993773,-48.776822070631624,0.41006245680160364,402818
892,-72.86821705426377,-49.2104969229111,0.40965239434480205,403339
893,-31.17408906882675,-50.960999354973644,0.40924274195045723,403499
894,-50.87719298245696,-49.631780542470075,0.40883349920850676,403624
895,-54.12844036697329,-48.1405998113655,0.40842466570929825,403742
896,-2.0979020979013345,-44.472839000747385,0.40801624104358897,404385
897,-73.85620915032692,-46.7365086962678,0.4076082248025454,404730
898,-55.71955719557277,-48.40165437998271,0.4072006165777428,405349
899,-53.33333333333415,-50.71173189936255,0.4067934159611651,405486
900,-31.558935361217568,-50.069175823081125,0.4063866225452039,406314
901,-42.652329749104766,-46.82662063599783,0.4059802359226587,406479
902,-71.63120567375914,-46.70291949794736,0.40557425568673605,406779
903,-65.83850931677087,-50.169361522741774,0.40516868143104934,407300
904,-60.60606060606141,-51.14224828510222,0.4047635127496183,407963
905,-20.454545454545748,-47.774858793859465,0.4043587492368687,408089
906,-65.87030716723619,-54.152099300792955,0.4039543904876318,408515
907,-68.3098591549301,-53.597464301253275,0.4035504360971442,408867
908,-58.477508650519844,-53.87325944674798,0.40314688566104706,409192
909,-58.333333333334146,-54.37325944674798,0.402743738775386,409837
910,-20.382165605096308,-53.255582471135845,0.4023409950366106,410803
911,-58.477508650519844,-54.83810036127736,0.401938654041574,411372
912,-10.071942446043915,-48.682174038505835,0.4015367153875324,412347
913,-39.18918918919,-46.01724202574775,0.4011351786721449,412503
914,-56.386292834891776,-45.59526524863079,0.40073404349347275,412605
915,-7.009890109889653,-44.25079971416518,0.40033330944997925,412745
916,-52.89862542955337,-42.9536315403969,0.39993297614052925,412896
917,-40.76655052264893,-40.19930067716878,0.3995330431643887,413053
918,-60.526315789474495,-40.40418139106424,0.39913351012122433,413384
919,-36.39575971731533,-38.21042402946236,0.3987343766111031,413795
920,-51.00864553314202,-41.27307202226693,0.398335642234492,413940
921,-56.66666666666749,-41.091987823881695,0.3979373065922575,414130
922,-63.934426229509,-46.47823620222821,0.39753936928566525,414261
923,-45.61933534743283,-47.12125081805249,0.3971418299163796,415001
924,-46.42857142857225,-46.12547867742053,0.3967446880864632,415648
925,-56.521739130435606,-51.07666357947513,0.3963479433983767,416264
926,-59.595959595960416,-51.746396996115834,0.3959515954549783,416830
927,-61.805555555556374,-53.85029749940658,0.39555564385952335,417219
928,-71.51898734177243,-54.949564654636376,0.39516008821566384,417475
929,-56.11285266457761,-56.9212739493626,0.3947649281274482,417556
930,-52.777777777778574,-57.09818717382626,0.3943701631993207,417757
931,-58.73015873015954,-57.30453638017546,0.3939757930361214,418009
932,-56.6929133858276,-56.58038509580732,0.3935818172430853,418441
933,-74.76340694006313,-59.49479225507035,0.3931882354258422,418777
934,-56.8106312292367,-60.5329982351368,0.39279504719041636,418893
935,-38.697318007663654,-58.7505561228596,0.39240225214322594,419507
936,-57.37704918032867,-58.528665081296424,0.39200984989108273,420148
937,-55.326460481100476,-57.88075557385084,0.39161784004119166,420342
938,-61.66134185303595,-56.89499102497719,0.39122622220115044,420758
939,-29.936305732484886,-54.27733633176791,0.3908349959789493,421732
940,-71.69811320754744,-56.1693698747448,0.3904441609829703,422083
941,-50.155763239876194,-55.31193032571647,0.3900537168219873,422263
942,-76.67638483965005,-57.31027747109872,0.3896636631051653,422611
943,-31.15942028985589,-52.94987880607799,0.38927399944206015,422737
944,-51.61290322580729,-52.43010600573505,0.3888847254426181,423081
945,-24.836601307190275,-51.04403433568771,0.38849584071717547,423706
946,-61.97718631178789,-51.50404804883364,0.3881073448764583,424053
947,-24.76489028213233,-48.447891028936816,0.3877192375315819,424204
948,-71.87500000000026,-49.469256843633254,0.3873315182940503,424709
949,-45.39249146757761,-51.01487541714252,0.38694418677575626,425360
950,-62.96296296296377,-50.141360392684156,0.3865572425889805,425905
951,-61.26760563380363,-51.2525446320769,0.38617068534639154,426346
952,-29.53020134228272,-46.537926282340166,0.38578451466104513,426795
953,-35.5932203389839,-46.98130628725296,0.3853987301463841,427102
954,-70.7792207792211,-48.89793804259435,0.3850133314162377,427332
955,-58.477508650519844,-52.26202877692731,0.3846283180848215,427434
956,-58.18815331010536,-51.88312547675905,0.3842436897667367,427993
957,-72.39263803681003,-56.64590025222682,0.3838594460769699,428462
958,-31.596091205212492,-52.61800937274804,0.38347558663089293,429399
959,-56.521739130435606,-53.73093413903384,0.38309211104426205,430035
960,-41.979522184301146,-51.63259006116758,0.3827090189332178,430276
961,-50.16611295681145,-50.52244079346836,0.38232630991428457,430491
962,-18.215613382900447,-49.39098199753014,0.38194398360437026,431446
963,-46.99646643109624,-50.531306606741374,0.3815620396207659,431633
964,-53.795379537954624,-48.83292248261473,0.38118047758114515,431809
965,-32.65993265993345,-46.251164883556086,0.380799297103564,432120
966,-32.83582089552319,-43.715931642097864,0.3804184978064605,432260
967,-6.716417910447559,-37.14830962946162,0.380038079308654,433202
968,-48.41269841269924,-38.829970350210296,0.3796580412293454,433417
969,-47.3684210526324,-37.91463854242998,0.379278383188116,433593
970,-55.27156549520848,-39.243842873520705,0.3788991048049279,433724
971,-69.79865771812122,-41.20709734965168,0.37852020570012296,433969
972,-62.26415094339704,-45.611951105701344,0.37814168549442284,434316
973,-56.0810810810819,-46.52041257069991,0.3777635438089284,434872
974,-63.7681159420298,-47.51768621110743,0.3773857802651195,435296
975,-44.80519480519563,-48.73221242563365,0.37700839448485435,435446
976,-50.000000000000824,-50.44863033608141,0.3766313860903695,435589
977,-58.49056603773666,-55.62604514881032,0.37625475470427916,436114
978,-4.6807570977911155,-51.25285101731951,0.3758784999495749,436262
979,-34.210526315790275,-49.937061543635295,0.3755026214496253,436424
980,-58.49056603773666,-50.25896159788811,0.3751271188281757,436801
981,-28.28685258964227,-46.107781085040216,0.3747519917093475,436975
982,-30.232558139535723,-42.904621804654084,0.37437723971763814,437873
983,-44.029850746269474,-41.69949877117284,0.37400286247792053,438650
984,-30.31358885017507,-38.354046061987376,0.3736288596154426,438774
985,-59.107806691450634,-39.78430725061287,0.37325523075582717,439052
986,-61.403508771930646,-40.924658127805856,0.37288197552507135,439414
987,-46.372239747634865,-39.712825498795674,0.37250909354954626,440197
988,-37.03703703703787,-42.94845349272035,0.37213658445599673,440957
989,-68.3098591549301,-46.35838677663433,0.3717644478715407,441413
990,-68.25396825396876,-47.334726998257544,0.3713926834236692,441841
991,-39.10256410256482,-48.416298149549796,0.37102129074024554,442757
992,-55.22388059701574,-50.9154303952978,0.3706502694495053,443311
993,-52.38095238095322,-51.75054055876617,0.3702796191800558,443524
994,-66.6666666666673,-55.38584834041539,0.36990933956087574,444010
995,-32.432432432433245,-52.71831091451365,0.36953943022131486,444181
996,-39.849624060151214,-50.562922443335715,0.3691698907910935,444864
997,-32.58426966292217,-49.18412543486444,0.3688007209003024,445665
998,-66.88741721854366,-52.16916345301502,0.36843192017940213,446216
999,-58.59872611465049,-51.198050148987065,0.36806348825922275,446684
1000,-33.59375000000083,-47.73202832359027,0.3676954247709635,447423
1001,-73.7704918032788,-51.198821093661664,0.36732772934619257,447830
1002,-45.05494505494587,-50.18192753945468,0.3669604016168464,447970
1003,-61.93771626297659,-51.13760392765702,0.3665934412152296,448399
1004,-72.6962457337886,-51.740561834369146,0.3662268477740143,448875
1005,-57.23684210526397,-54.22100280165222,0.36586062092624033,449440
1006,-58.1749049429666,-56.053530889933754,0.3654947603053141,449842
1007,-54.06360424028351,-58.20146434766989,0.36512926554500874,450124
1008,-36.802973977695984,-55.19302002358512,0.36476413627946375,450889
1009,-45.848375451264346,-53.9179849572465,0.3643993721431843,451002
1010,-50.75757575757657,-55.63436753300408,0.36403497277104113,451394
1011,-47.76119402985156,-53.03343775566136,0.3636709377982701,452030
1012,-30.795847750865857,-51.60752802525336,0.3633072668604718,452410
1013,-42.30769230769313,-49.64452562972501,0.36294395959361136,452539
1014,-63.210702341137946,-48.69597129045995,0.36258101563401773,453067
1015,33.80281690141132,-39.59200538979242,0.3622184346183837,453997
1016,-59.40959409594177,-39.715474305089934,0.36185621618376534,454109
1017,-60.12269938650387,-40.32138381971197,0.36149435996758156,454633
1018,-57.09570957095792,-42.35065737903817,0.361132865607614,454715
1019,-32.47588424437373,-41.0134082583491,0.36077173274200636,455633
1020,-55.22388059701574,-41.46003874229302,0.36041096100926434,456087
1021,-48.71794871794953,-41.55571421110282,0.3600505500482551,456281
1022,-65.38461538461611,-45.01459097447785,0.35969049949820686,456555
1023,-68.37944664031673,-47.6217664077402,0.3593308089987087,456924
1024,-59.18367346938857,-47.219063520565264,0.35897147818971,456991
1025,-23.694779116466623,-52.96882312235306,0.3586125067115203,457911
